,id,tag
0,6,computer-vision
1,7,computer-vision
2,9,graph-learning
3,15,reinforcement-learning
4,19,graph-learning
5,25,graph-learning
6,26,graph-learning
7,27,graph-learning
8,28,graph-learning
9,29,graph-learning
10,44,graph-learning
11,45,graph-learning
12,61,computer-vision
13,65,computer-vision
14,67,computer-vision
15,73,computer-vision
16,77,computer-vision
17,78,computer-vision
18,80,computer-vision
19,81,computer-vision
20,84,natural-language-processing
21,85,graph-learning
22,89,natural-language-processing
23,91,mlops
24,92,computer-vision
25,98,computer-vision
26,99,computer-vision
27,101,natural-language-processing
28,107,computer-vision
29,108,natural-language-processing
30,109,natural-language-processing
31,112,computer-vision
32,115,computer-vision
33,116,computer-vision
34,117,computer-vision
35,118,computer-vision
36,120,computer-vision
37,121,reinforcement-learning
38,122,natural-language-processing
39,123,natural-language-processing
40,124,natural-language-processing
41,126,computer-vision
42,128,computer-vision
43,130,computer-vision
44,131,computer-vision
45,133,natural-language-processing
46,136,natural-language-processing
47,137,mlops
48,138,computer-vision
49,140,natural-language-processing
50,141,computer-vision
51,142,computer-vision
52,144,natural-language-processing
53,145,computer-vision
54,147,natural-language-processing
55,148,graph-learning
56,150,computer-vision
57,152,graph-learning
58,157,computer-vision
59,158,computer-vision
60,159,mlops
61,162,natural-language-processing
62,163,natural-language-processing
63,168,computer-vision
64,173,natural-language-processing
65,181,natural-language-processing
66,183,computer-vision
67,218,reinforcement-learning
68,219,natural-language-processing
69,220,computer-vision
70,224,natural-language-processing
71,234,computer-vision
72,237,computer-vision
73,238,natural-language-processing
74,239,time-series
75,249,computer-vision
76,250,natural-language-processing
77,251,natural-language-processing
78,252,natural-language-processing
79,253,natural-language-processing
80,254,natural-language-processing
81,255,natural-language-processing
82,256,natural-language-processing
83,257,natural-language-processing
84,259,natural-language-processing
85,260,natural-language-processing
86,261,natural-language-processing
87,262,natural-language-processing
88,264,natural-language-processing
89,268,natural-language-processing
90,269,natural-language-processing
91,270,natural-language-processing
92,271,natural-language-processing
93,272,natural-language-processing
94,273,natural-language-processing
95,277,reinforcement-learning
96,278,computer-vision
97,279,reinforcement-learning
98,280,reinforcement-learning
99,281,natural-language-processing
100,284,reinforcement-learning
101,285,reinforcement-learning
102,286,computer-vision
103,287,natural-language-processing
104,290,computer-vision
105,291,computer-vision
106,294,graph-learning
107,295,graph-learning
108,305,natural-language-processing
109,306,natural-language-processing
110,307,natural-language-processing
111,308,natural-language-processing
112,313,natural-language-processing
113,314,reinforcement-learning
114,315,computer-vision
115,316,natural-language-processing
116,317,computer-vision
117,318,computer-vision
118,319,computer-vision
119,327,natural-language-processing
120,328,graph-learning
121,334,natural-language-processing
122,335,natural-language-processing
123,341,mlops
124,343,mlops
125,344,natural-language-processing
126,345,natural-language-processing
127,347,natural-language-processing
128,349,natural-language-processing
129,353,computer-vision
130,364,natural-language-processing
131,372,reinforcement-learning
132,378,reinforcement-learning
133,380,graph-learning
134,384,natural-language-processing
135,388,computer-vision
136,392,natural-language-processing
137,395,natural-language-processing
138,397,computer-vision
139,401,computer-vision
140,403,natural-language-processing
141,407,natural-language-processing
142,408,computer-vision
143,410,mlops
144,411,mlops
145,414,mlops
146,415,natural-language-processing
147,419,natural-language-processing
148,423,computer-vision
149,424,natural-language-processing
150,425,time-series
151,426,natural-language-processing
152,427,computer-vision
153,428,natural-language-processing
154,430,natural-language-processing
155,431,natural-language-processing
156,432,computer-vision
157,434,natural-language-processing
158,437,natural-language-processing
159,438,natural-language-processing
160,439,natural-language-processing
161,440,natural-language-processing
162,443,natural-language-processing
163,445,natural-language-processing
164,446,natural-language-processing
165,448,natural-language-processing
166,451,natural-language-processing
167,452,natural-language-processing
168,453,computer-vision
169,454,natural-language-processing
170,455,natural-language-processing
171,458,computer-vision
172,459,computer-vision
173,462,computer-vision
174,465,computer-vision
175,466,natural-language-processing
176,467,natural-language-processing
177,468,natural-language-processing
178,469,natural-language-processing
179,470,natural-language-processing
180,471,natural-language-processing
181,473,natural-language-processing
182,474,computer-vision
183,476,computer-vision
184,477,computer-vision
185,478,computer-vision
186,480,computer-vision
187,481,computer-vision
188,482,computer-vision
189,486,computer-vision
190,487,computer-vision
191,488,computer-vision
192,489,computer-vision
193,490,computer-vision
194,491,computer-vision
195,492,computer-vision
196,493,computer-vision
197,494,computer-vision
198,495,computer-vision
199,496,computer-vision
200,497,computer-vision
201,499,computer-vision
202,501,natural-language-processing
203,505,computer-vision
204,507,time-series
205,508,computer-vision
206,509,time-series
207,513,natural-language-processing
208,516,computer-vision
209,517,computer-vision
210,529,natural-language-processing
211,549,mlops
212,550,computer-vision
213,552,computer-vision
214,558,natural-language-processing
215,559,mlops
216,561,mlops
217,564,computer-vision
218,566,mlops
219,569,natural-language-processing
220,570,computer-vision
221,574,natural-language-processing
222,579,computer-vision
223,580,mlops
224,581,natural-language-processing
225,582,reinforcement-learning
226,594,mlops
227,598,natural-language-processing
228,599,computer-vision
229,600,natural-language-processing
230,601,natural-language-processing
231,602,natural-language-processing
232,605,reinforcement-learning
233,608,computer-vision
234,612,computer-vision
235,619,computer-vision
236,620,natural-language-processing
237,621,computer-vision
238,622,natural-language-processing
239,623,natural-language-processing
240,624,natural-language-processing
241,629,time-series
242,632,graph-learning
243,639,reinforcement-learning
244,643,natural-language-processing
245,644,computer-vision
246,649,graph-learning
247,652,natural-language-processing
248,653,natural-language-processing
249,658,natural-language-processing
250,661,natural-language-processing
251,663,natural-language-processing
252,665,computer-vision
253,666,computer-vision
254,667,computer-vision
255,670,natural-language-processing
256,671,natural-language-processing
257,674,computer-vision
258,679,graph-learning
259,681,reinforcement-learning
260,683,natural-language-processing
261,684,natural-language-processing
262,686,natural-language-processing
263,687,time-series
264,688,computer-vision
265,689,time-series
266,693,natural-language-processing
267,694,natural-language-processing
268,695,natural-language-processing
269,700,computer-vision
270,702,natural-language-processing
271,703,graph-learning
272,704,computer-vision
273,705,graph-learning
274,706,graph-learning
275,707,natural-language-processing
276,708,natural-language-processing
277,710,computer-vision
278,712,time-series
279,713,time-series
280,717,natural-language-processing
281,723,computer-vision
282,726,computer-vision
283,732,graph-learning
284,733,computer-vision
285,734,natural-language-processing
286,737,computer-vision
287,738,computer-vision
288,741,natural-language-processing
289,778,natural-language-processing
290,780,natural-language-processing
291,783,natural-language-processing
292,784,natural-language-processing
293,785,computer-vision
294,787,natural-language-processing
295,788,natural-language-processing
296,791,computer-vision
297,792,natural-language-processing
298,795,computer-vision
299,796,computer-vision
300,797,computer-vision
301,799,graph-learning
302,800,mlops
303,803,computer-vision
304,807,mlops
305,820,graph-learning
306,821,mlops
307,822,computer-vision
308,825,natural-language-processing
309,826,computer-vision
310,828,natural-language-processing
311,829,reinforcement-learning
312,831,computer-vision
313,832,computer-vision
314,833,reinforcement-learning
315,834,computer-vision
316,835,natural-language-processing
317,836,computer-vision
318,840,graph-learning
319,841,natural-language-processing
320,842,computer-vision
321,843,natural-language-processing
322,847,natural-language-processing
323,849,natural-language-processing
324,850,natural-language-processing
325,852,computer-vision
326,854,graph-learning
327,855,natural-language-processing
328,857,natural-language-processing
329,858,natural-language-processing
330,860,natural-language-processing
331,862,reinforcement-learning
332,863,computer-vision
333,864,natural-language-processing
334,866,natural-language-processing
335,868,natural-language-processing
336,869,natural-language-processing
337,875,natural-language-processing
338,877,computer-vision
339,878,computer-vision
340,879,computer-vision
341,880,natural-language-processing
342,881,time-series
343,882,natural-language-processing
344,883,reinforcement-learning
345,884,natural-language-processing
346,890,natural-language-processing
347,892,computer-vision
348,893,reinforcement-learning
349,894,natural-language-processing
350,898,computer-vision
351,900,natural-language-processing
352,901,computer-vision
353,902,natural-language-processing
354,903,computer-vision
355,905,reinforcement-learning
356,906,natural-language-processing
357,907,natural-language-processing
358,913,natural-language-processing
359,914,natural-language-processing
360,916,natural-language-processing
361,917,natural-language-processing
362,918,natural-language-processing
363,919,natural-language-processing
364,920,natural-language-processing
365,921,computer-vision
366,922,natural-language-processing
367,925,reinforcement-learning
368,927,natural-language-processing
369,934,time-series
370,935,computer-vision
371,938,computer-vision
372,939,time-series
373,940,computer-vision
374,941,computer-vision
375,943,natural-language-processing
376,946,computer-vision
377,947,computer-vision
378,948,computer-vision
379,951,computer-vision
380,952,computer-vision
381,957,natural-language-processing
382,961,computer-vision
383,962,natural-language-processing
384,963,mlops
385,965,computer-vision
386,966,natural-language-processing
387,968,natural-language-processing
388,970,natural-language-processing
389,972,natural-language-processing
390,974,computer-vision
391,978,computer-vision
392,979,time-series
393,980,computer-vision
394,986,computer-vision
395,987,natural-language-processing
396,989,natural-language-processing
397,991,natural-language-processing
398,993,computer-vision
399,997,computer-vision
400,999,computer-vision
401,1000,natural-language-processing
402,1007,natural-language-processing
403,1008,computer-vision
404,1009,natural-language-processing
405,1010,natural-language-processing
406,1011,mlops
407,1013,reinforcement-learning
408,1018,computer-vision
409,1019,computer-vision
410,1020,computer-vision
411,1021,natural-language-processing
412,1022,natural-language-processing
413,1024,natural-language-processing
414,1025,natural-language-processing
415,1026,natural-language-processing
416,1028,natural-language-processing
417,1032,computer-vision
418,1035,natural-language-processing
419,1045,natural-language-processing
420,1046,natural-language-processing
421,1055,computer-vision
422,1056,computer-vision
423,1058,natural-language-processing
424,1059,computer-vision
425,1068,natural-language-processing
426,1069,natural-language-processing
427,1070,natural-language-processing
428,1075,natural-language-processing
429,1078,computer-vision
430,1080,computer-vision
431,1081,computer-vision
432,1083,computer-vision
433,1084,mlops
434,1093,computer-vision
435,1094,natural-language-processing
436,1100,natural-language-processing
437,1104,computer-vision
438,1107,computer-vision
439,1110,computer-vision
440,1111,natural-language-processing
441,1112,natural-language-processing
442,1114,reinforcement-learning
443,1115,reinforcement-learning
444,1121,computer-vision
445,1122,mlops
446,1130,natural-language-processing
447,1131,natural-language-processing
448,1132,natural-language-processing
449,1133,time-series
450,1135,computer-vision
451,1139,natural-language-processing
452,1145,reinforcement-learning
453,1148,natural-language-processing
454,1151,natural-language-processing
455,1155,computer-vision
456,1159,computer-vision
457,1162,reinforcement-learning
458,1165,computer-vision
459,1166,reinforcement-learning
460,1167,natural-language-processing
461,1172,computer-vision
462,1176,natural-language-processing
463,1178,computer-vision
464,1180,natural-language-processing
465,1181,natural-language-processing
466,1185,natural-language-processing
467,1192,natural-language-processing
468,1194,natural-language-processing
469,1199,natural-language-processing
470,1202,natural-language-processing
471,1203,natural-language-processing
472,1204,computer-vision
473,1211,natural-language-processing
474,1215,computer-vision
475,1222,natural-language-processing
476,1223,computer-vision
477,1236,natural-language-processing
478,1237,computer-vision
479,1239,natural-language-processing
480,1241,natural-language-processing
481,1243,time-series
482,1246,natural-language-processing
483,1249,natural-language-processing
484,1251,computer-vision
485,1255,natural-language-processing
486,1257,natural-language-processing
487,1258,computer-vision
488,1259,computer-vision
489,1260,computer-vision
490,1266,natural-language-processing
491,1272,natural-language-processing
492,1274,mlops
493,1275,reinforcement-learning
494,1278,natural-language-processing
495,1286,natural-language-processing
496,1287,natural-language-processing
497,1298,natural-language-processing
498,1301,computer-vision
499,1309,natural-language-processing
500,1310,natural-language-processing
501,1312,natural-language-processing
502,1320,natural-language-processing
503,1325,natural-language-processing
504,1329,reinforcement-learning
505,1363,reinforcement-learning
506,1371,natural-language-processing
507,1372,natural-language-processing
508,1374,computer-vision
509,1392,natural-language-processing
510,1398,computer-vision
511,1399,computer-vision
512,1418,reinforcement-learning
513,1423,time-series
514,1424,mlops
515,1425,computer-vision
516,1426,natural-language-processing
517,1427,natural-language-processing
518,1430,computer-vision
519,1434,natural-language-processing
520,1438,computer-vision
521,1445,computer-vision
522,1450,natural-language-processing
523,1451,computer-vision
524,1453,computer-vision
525,1455,computer-vision
526,1457,computer-vision
527,1458,computer-vision
528,1459,graph-learning
529,1460,computer-vision
530,1461,computer-vision
531,1462,computer-vision
532,1473,time-series
533,1475,computer-vision
534,1476,reinforcement-learning
535,1478,computer-vision
536,1480,natural-language-processing
537,1482,computer-vision
538,1483,reinforcement-learning
539,1485,computer-vision
540,1488,computer-vision
541,1491,computer-vision
542,1492,natural-language-processing
543,1494,computer-vision
544,1499,natural-language-processing
545,1501,computer-vision
546,1502,natural-language-processing
547,1504,computer-vision
548,1505,computer-vision
549,1506,mlops
550,1508,natural-language-processing
551,1511,computer-vision
552,1515,computer-vision
553,1519,computer-vision
554,1524,natural-language-processing
555,1525,natural-language-processing
556,1528,computer-vision
557,1529,reinforcement-learning
558,1539,natural-language-processing
559,1540,natural-language-processing
560,1542,natural-language-processing
561,1546,graph-learning
562,1547,natural-language-processing
563,1549,reinforcement-learning
564,1551,computer-vision
565,1552,computer-vision
566,1560,mlops
567,1563,computer-vision
568,1569,computer-vision
569,1571,computer-vision
570,1575,computer-vision
571,1576,computer-vision
572,1580,mlops
573,1581,graph-learning
574,1585,computer-vision
575,1587,natural-language-processing
576,1588,natural-language-processing
577,1589,natural-language-processing
578,1592,natural-language-processing
579,1595,natural-language-processing
580,1597,mlops
581,1598,reinforcement-learning
582,1599,computer-vision
583,1600,natural-language-processing
584,1602,computer-vision
585,1603,computer-vision
586,1605,reinforcement-learning
587,1606,natural-language-processing
588,1607,graph-learning
589,1608,natural-language-processing
590,1614,natural-language-processing
591,1615,natural-language-processing
592,1616,computer-vision
593,1617,graph-learning
594,1620,reinforcement-learning
595,1622,reinforcement-learning
596,1623,natural-language-processing
597,1628,reinforcement-learning
598,1629,computer-vision
599,1630,computer-vision
600,1636,natural-language-processing
601,1638,natural-language-processing
602,1639,computer-vision
603,1644,natural-language-processing
604,1645,natural-language-processing
605,1646,natural-language-processing
606,1648,time-series
607,1649,computer-vision
608,1650,natural-language-processing
609,1651,computer-vision
610,1653,natural-language-processing
611,1654,computer-vision
612,1657,mlops
613,1658,computer-vision
614,1659,natural-language-processing
615,1661,computer-vision
616,1662,computer-vision
617,1663,time-series
618,1664,natural-language-processing
619,1665,natural-language-processing
620,1666,natural-language-processing
621,1668,reinforcement-learning
622,1677,natural-language-processing
623,1678,computer-vision
624,1681,computer-vision
625,1685,natural-language-processing
626,1688,reinforcement-learning
627,1689,reinforcement-learning
628,1691,mlops
629,1692,graph-learning
630,1698,computer-vision
631,1699,reinforcement-learning
632,1702,computer-vision
633,1703,reinforcement-learning
634,1704,time-series
635,1706,computer-vision
636,1709,natural-language-processing
637,1710,natural-language-processing
638,1715,computer-vision
639,1717,natural-language-processing
640,1719,natural-language-processing
641,1721,natural-language-processing
642,1722,natural-language-processing
643,1723,natural-language-processing
644,1724,computer-vision
645,1726,natural-language-processing
646,1728,computer-vision
647,1729,natural-language-processing
648,1730,natural-language-processing
649,1737,natural-language-processing
650,1743,natural-language-processing
651,1748,mlops
652,1750,computer-vision
653,1753,graph-learning
654,1754,mlops
655,1755,computer-vision
656,1756,natural-language-processing
657,1759,computer-vision
658,1767,computer-vision
659,1768,natural-language-processing
660,1769,natural-language-processing
661,1770,computer-vision
662,1771,computer-vision
663,1772,computer-vision
664,1777,time-series
665,1779,natural-language-processing
666,1792,time-series
667,1795,natural-language-processing
668,1796,natural-language-processing
669,1797,natural-language-processing
670,1799,natural-language-processing
671,1800,natural-language-processing
672,1802,natural-language-processing
673,1803,natural-language-processing
674,1804,natural-language-processing
675,1805,computer-vision
676,1813,mlops
677,1817,mlops
678,1818,mlops
679,1819,mlops
680,1820,natural-language-processing
681,1825,mlops
682,1827,natural-language-processing
683,1831,computer-vision
684,1834,computer-vision
685,1836,computer-vision
686,1840,computer-vision
687,1843,mlops
688,1844,computer-vision
689,1845,computer-vision
690,1847,computer-vision
691,1848,computer-vision
692,1851,mlops
693,1853,natural-language-processing
694,1855,natural-language-processing
695,1856,computer-vision
696,1858,natural-language-processing
697,1859,mlops
698,1860,computer-vision
699,1865,computer-vision
700,1866,natural-language-processing
701,1867,computer-vision
702,1868,computer-vision
703,1869,natural-language-processing
704,1870,natural-language-processing
705,1871,natural-language-processing
706,1872,computer-vision
707,1879,natural-language-processing
708,1880,natural-language-processing
709,1882,computer-vision
710,1884,mlops
711,1886,computer-vision
712,1887,computer-vision
713,1888,mlops
714,1889,natural-language-processing
715,1896,mlops
716,1898,natural-language-processing
717,1899,computer-vision
718,1900,computer-vision
719,1901,natural-language-processing
720,1902,computer-vision
721,1903,computer-vision
722,1904,computer-vision
723,1905,computer-vision
724,1910,mlops
725,1913,computer-vision
726,1914,computer-vision
727,1916,natural-language-processing
728,1918,natural-language-processing
729,1919,natural-language-processing
730,1921,computer-vision
731,1923,graph-learning
732,1924,mlops
733,1925,computer-vision
734,1927,computer-vision
735,1929,natural-language-processing
736,1933,natural-language-processing
737,1934,graph-learning
738,1935,computer-vision
739,1938,natural-language-processing
740,1940,computer-vision
741,1941,natural-language-processing
742,1943,graph-learning
743,1945,mlops
744,1950,natural-language-processing
745,1952,mlops
746,1953,mlops
747,1954,mlops
748,1955,computer-vision
749,1959,natural-language-processing
750,1961,mlops
751,1964,mlops
752,1965,mlops
753,1968,natural-language-processing
754,1971,computer-vision
755,1972,natural-language-processing
756,1975,computer-vision
757,1976,computer-vision
758,1977,computer-vision
759,1978,mlops
760,1980,computer-vision
761,1983,computer-vision
762,1984,natural-language-processing
763,1985,graph-learning
764,1986,natural-language-processing
765,1992,time-series
766,1993,computer-vision
767,1994,computer-vision
768,1997,computer-vision
769,1999,natural-language-processing
770,2002,computer-vision
771,2005,computer-vision
772,2006,natural-language-processing
773,2007,computer-vision
774,2008,computer-vision
775,2009,computer-vision
776,2010,computer-vision
777,2011,computer-vision
778,2012,computer-vision
779,2013,computer-vision
780,2016,computer-vision
781,2020,natural-language-processing
782,2022,natural-language-processing
783,2023,natural-language-processing
784,2024,natural-language-processing
785,2025,natural-language-processing
786,2026,mlops
787,2027,computer-vision
788,2030,computer-vision
789,2031,natural-language-processing
790,2032,computer-vision
791,2033,natural-language-processing
792,2034,natural-language-processing
793,2035,mlops
794,2038,mlops
795,2039,computer-vision
796,2040,computer-vision
797,2042,natural-language-processing
798,2043,natural-language-processing
799,2045,natural-language-processing
800,2047,mlops
801,2048,natural-language-processing
802,2051,natural-language-processing
803,2053,computer-vision
804,2054,computer-vision
805,2056,natural-language-processing
806,2057,mlops
807,2061,computer-vision
808,2062,computer-vision
809,2098,computer-vision
810,2100,computer-vision
811,2106,computer-vision
812,2109,natural-language-processing
813,2111,computer-vision
814,2112,computer-vision
815,2113,natural-language-processing
816,2114,time-series
817,2116,mlops
818,2117,mlops
819,2121,mlops
820,2124,reinforcement-learning
821,2131,mlops
822,2135,time-series
823,2136,mlops
824,2137,mlops
825,2138,natural-language-processing
826,2141,computer-vision
827,2147,natural-language-processing
828,2148,natural-language-processing
829,2151,computer-vision
830,2155,natural-language-processing
831,2159,computer-vision
832,2163,natural-language-processing
833,2164,computer-vision
834,2166,computer-vision
835,2167,natural-language-processing
836,2168,natural-language-processing
837,2172,natural-language-processing
838,2173,natural-language-processing
839,2185,natural-language-processing
840,2186,computer-vision
841,2188,mlops
842,2193,mlops
843,2195,computer-vision
844,2199,mlops
845,2200,natural-language-processing
846,2202,graph-learning
847,2203,computer-vision
848,2204,computer-vision
849,2207,mlops
850,2214,computer-vision
851,2215,computer-vision
852,2218,computer-vision
853,2220,natural-language-processing
854,2223,computer-vision
855,2226,natural-language-processing
856,2232,reinforcement-learning
857,2235,natural-language-processing
858,2238,reinforcement-learning
859,2239,computer-vision
860,2242,computer-vision
861,2245,graph-learning
862,2246,natural-language-processing
863,2247,natural-language-processing
864,2250,natural-language-processing
865,2251,natural-language-processing
866,2252,reinforcement-learning
867,2255,natural-language-processing
868,2258,graph-learning
869,2259,computer-vision
870,2260,computer-vision
871,2262,natural-language-processing
872,2263,natural-language-processing
873,2264,reinforcement-learning
874,2266,computer-vision
875,2267,mlops
876,2268,natural-language-processing
877,2269,natural-language-processing
878,2271,computer-vision
879,2273,natural-language-processing
880,2275,natural-language-processing
881,2280,reinforcement-learning
882,2283,natural-language-processing
883,2284,natural-language-processing
884,2285,computer-vision
885,2287,mlops
886,2289,natural-language-processing
887,2290,natural-language-processing
888,2294,mlops
889,2295,computer-vision
890,2296,mlops
891,2298,time-series
892,2299,graph-learning
893,2300,natural-language-processing
894,2304,graph-learning
895,2310,computer-vision
896,2312,natural-language-processing
897,2317,computer-vision
898,2318,time-series
899,2319,computer-vision
900,2325,computer-vision
901,2326,natural-language-processing
902,2327,computer-vision
903,2328,computer-vision
904,2332,natural-language-processing
905,2336,computer-vision
906,2339,time-series
907,2341,time-series
908,2342,computer-vision
909,2344,computer-vision
910,2345,computer-vision
911,2348,computer-vision
912,2350,computer-vision
913,2351,natural-language-processing
914,2353,graph-learning
915,2356,computer-vision
916,2357,computer-vision
917,2360,computer-vision
918,2366,natural-language-processing
919,2367,natural-language-processing
920,2368,natural-language-processing
921,2369,computer-vision
922,2371,mlops
923,2372,reinforcement-learning
924,2373,graph-learning
925,2384,time-series
926,2387,mlops
927,2388,computer-vision
928,2389,computer-vision
929,2390,computer-vision
930,2394,mlops
931,2395,mlops
932,2396,computer-vision
933,2397,computer-vision
934,2402,natural-language-processing
935,2403,natural-language-processing
936,2404,mlops
937,2410,mlops
938,2411,reinforcement-learning
939,2412,computer-vision
940,2413,mlops
941,2415,mlops
942,2417,time-series
943,2418,reinforcement-learning
944,2419,computer-vision
945,2422,natural-language-processing
946,2423,computer-vision
947,2428,natural-language-processing
948,2429,natural-language-processing
949,2430,natural-language-processing
950,2431,natural-language-processing
951,2432,natural-language-processing
952,2434,computer-vision
953,2436,reinforcement-learning
954,2437,computer-vision
